origin,mae,rmse,n,cov50,cov80,cov95,crps
2021-01-01,256.2672769830753,323.8894627520358,48,0.7916666666666666,1.0,1.0,241.6266184141355
2021-01-02,117.9398313467144,140.38411089710286,48,1.0,1.0,1.0,193.121150911021
2021-01-03,363.2507719271352,427.4660238436882,48,0.7916666666666666,1.0,1.0,261.8526179418581
2021-01-04,836.2507420107149,1042.4383225955316,48,0.4375,0.6458333333333334,0.8541666666666666,584.172635993495
2021-01-05,1183.851129699865,1373.856495013841,48,0.041666666666666664,0.3958333333333333,0.8541666666666666,805.6109343651951
2021-01-06,406.17139390983226,496.7298515739711,48,0.7291666666666666,1.0,1.0,281.37664733581573
2021-01-07,176.949215595784,264.5160147556075,48,0.9583333333333334,1.0,1.0,211.46055477993596
2021-01-08,300.66150638211724,369.799595330189,48,0.8958333333333334,1.0,1.0,242.56177107222683
2021-01-09,567.4693907614811,704.7742359974947,48,0.4791666666666667,0.7708333333333334,1.0,402.3090756050448
2021-01-10,486.4725274502088,635.9624343896721,48,0.5833333333333334,0.75,1.0,375.80124943048537
2021-01-11,477.63264934977815,588.9734166359908,48,0.5416666666666666,1.0,1.0,329.7684642371673
2021-01-12,1358.2766907687399,1631.7830232142403,48,0.20833333333333334,0.4375,0.6875,990.0125193828244
2021-01-13,1528.8071031146544,1760.1320712684271,48,0.16666666666666666,0.25,0.4791666666666667,1131.1160645610164
2021-01-14,1530.7141115513596,1874.7875546498606,48,0.1875,0.375,0.625,1151.613378447102
2021-01-15,1725.431350365894,1946.2887195297217,48,0.10416666666666667,0.14583333333333334,0.3125,1307.4227291547522
2021-01-16,998.3777739925996,1252.2050352051613,48,0.3333333333333333,0.5,0.7916666666666666,728.1776617722502
2021-01-17,2212.5108022014388,2468.119466390562,48,0.041666666666666664,0.125,0.2708333333333333,1787.9743934807718
2021-01-18,298.08111488355786,440.4958849501243,48,0.8541666666666666,1.0,1.0,250.2925066952736
2021-01-19,490.0677181884962,660.9337822975164,48,0.5833333333333334,0.6875,1.0,394.16031814625467
2021-01-20,842.0267247074727,1159.7473215668904,48,0.5,0.5625,1.0,601.043623036917
2021-01-21,677.3216816381008,803.0602103713675,48,0.375,0.9166666666666666,1.0,430.8895515338895
2021-01-22,783.4776956545767,1029.6758448537369,48,0.5,0.7708333333333334,0.9166666666666666,536.4601983042008
2021-01-23,2077.86894753204,2573.0660187990284,48,0.2708333333333333,0.3333333333333333,0.375,1707.1068665555729
2021-01-24,1377.5451651534906,1709.8463725388467,48,0.3125,0.3958333333333333,0.625,1030.468954498465
2021-01-25,2247.913809557816,2532.4553023521094,48,0.125,0.1875,0.20833333333333334,1827.8731673310715
2021-01-26,1855.9784260154581,2293.5892563726266,48,0.2916666666666667,0.3541666666666667,0.3958333333333333,1481.3801216323172
2021-01-27,641.1655413474459,853.7024572727986,48,0.625,0.7291666666666666,0.8541666666666666,479.370022728234
2021-01-28,1238.0393642249232,1507.3595221766222,48,0.125,0.4375,0.75,881.3162485606366
2021-01-29,859.6580364373336,1081.1983384997047,48,0.375,0.7083333333333334,1.0,575.7195871144829
2021-01-30,1145.6127249281851,1328.266767002017,48,0.1875,0.5,0.7916666666666666,792.0383726239451
2021-01-31,1346.3189987616972,1514.4624694620393,48,0.16666666666666666,0.22916666666666666,0.7291666666666666,955.3289732129864
2021-02-01,897.0714662278866,1148.045036175903,48,0.3333333333333333,0.7083333333333334,1.0,604.0846494757839
2021-02-02,758.5548096362553,937.8279981272997,48,0.3333333333333333,0.8125,1.0,491.82549022402947
2021-02-03,1311.2579245998434,1489.003502861181,48,0.16666666666666666,0.2708333333333333,0.625,928.839061071285
2021-02-04,335.38673701003967,379.2573808286362,48,0.7708333333333334,1.0,1.0,252.8344512828527
2021-02-05,740.5782100444145,874.934089805377,48,0.4375,0.6458333333333334,1.0,482.21277754677584
2021-02-06,351.06385728476226,410.9521762890596,48,0.7708333333333334,1.0,1.0,259.4862984235263
2021-02-07,917.3098543867724,1043.993738582432,48,0.20833333333333334,0.5833333333333334,0.8125,617.7418517406805
2021-02-08,430.8006710797686,522.0411279053657,48,0.75,0.9166666666666666,1.0,300.70147095570513
2021-02-09,199.37391949622608,228.37367425410363,48,0.9583333333333334,1.0,1.0,206.87554231517825
2021-02-10,269.3736749190653,312.8544689217912,48,1.0,1.0,1.0,221.9927206781566
2021-02-11,348.70374672296106,451.0249174009261,48,0.75,1.0,1.0,273.8267685107789
2021-02-12,497.2656529352198,613.664411048597,48,0.625,0.9166666666666666,1.0,331.0790941646065
2021-02-13,343.2379521300384,432.1652038002943,48,0.7708333333333334,0.9791666666666666,1.0,268.1180196272974
2021-02-14,1133.6434834632048,1291.288609794195,48,0.16666666666666666,0.4791666666666667,0.7083333333333334,779.5457522853909
2021-02-15,636.1512152089888,733.2992258524558,48,0.3125,1.0,1.0,389.738092055138
2021-02-16,151.4353448710897,190.63259213831822,48,0.9791666666666666,1.0,1.0,197.27846180882406
2021-02-17,109.32452251647616,156.90501887131884,48,1.0,1.0,1.0,194.97102580491583
2021-02-18,205.95626928591113,298.71099214516175,48,1.0,1.0,1.0,212.3098752185872
2021-02-19,260.2370556429914,323.0548921048116,48,0.9166666666666666,1.0,1.0,230.63312837848648
2021-02-20,654.2765431058757,843.5521241295013,48,0.3958333333333333,0.8958333333333334,1.0,430.07838712053837
2021-02-21,647.538748508661,784.9289062570571,48,0.375,1.0,1.0,413.4157416842107
2021-02-22,1021.3097083242379,1192.148008964269,48,0.20833333333333334,0.4791666666666667,0.7708333333333334,710.2031623877746
2021-02-23,639.6159006074661,752.1321826882696,48,0.4583333333333333,0.7083333333333334,0.9375,448.39866048188924
2021-02-24,422.1277733023691,531.4778035157556,48,0.7708333333333334,1.0,1.0,289.31901598788227
2021-02-25,157.89713065807538,202.85805706444648,48,0.9583333333333334,1.0,1.0,202.11096586692614
2021-02-26,238.3193462316004,324.88470248195716,48,0.8333333333333334,1.0,1.0,233.410025568912
2021-02-27,425.63377737280916,560.3418588551893,48,0.6458333333333334,0.875,1.0,326.95021455195115
2021-02-28,758.9115092722631,919.0258368710109,48,0.4375,0.6458333333333334,0.8125,535.2130834032736
2021-03-01,796.9650637404135,1053.216251196393,48,0.25,0.5,0.625,631.0633292583942
2021-03-02,854.4355818326009,1022.4612821583243,48,0.020833333333333332,0.3333333333333333,0.5833333333333334,644.9958226496466
2021-03-03,357.02194488605477,465.5721662342098,48,0.6041666666666666,0.7916666666666666,1.0,248.11218761403902
2021-03-04,232.2229684621792,271.439690086126,48,0.6458333333333334,0.9791666666666666,1.0,164.9090404780905
2021-03-05,233.60874386167174,315.32051194455977,48,0.6666666666666666,0.9375,1.0,173.92083696014413
2021-03-06,294.81590489999854,356.53512064591314,48,0.5625,0.8541666666666666,1.0,204.94342787143384
2021-03-07,264.37769747304907,312.0402627467111,48,0.5416666666666666,0.9166666666666666,1.0,185.71245978051448
2021-03-08,626.7061703573115,914.997998805154,48,0.4583333333333333,0.5,0.6875,517.7884429252233
2021-03-09,277.1243995705916,340.9925241990049,48,0.6458333333333334,0.9166666666666666,1.0,189.096889133152
2021-03-10,134.16684196504545,184.35056870694257,48,0.7708333333333334,1.0,1.0,134.5656066136725
2021-03-11,242.6093033493779,325.3564876969959,48,0.6875,0.8333333333333334,1.0,185.92574136689709
2021-03-12,179.04098266614164,215.66703222760876,48,0.8958333333333334,1.0,1.0,139.9525638264927
2021-03-13,619.1956405210485,724.5210346412358,48,0.20833333333333334,0.4375,0.75,439.4847657301469
2021-03-14,824.1885884767311,995.6092671964274,48,0.2708333333333333,0.3958333333333333,0.4583333333333333,633.6680380293412
2021-03-15,487.5636750039048,594.1318333175426,48,0.4583333333333333,0.5833333333333334,0.9166666666666666,347.0665124726301
2021-03-16,154.97595409067702,195.28870004433304,48,0.7916666666666666,1.0,1.0,135.1237030260183
2021-03-17,146.81181941947423,215.00647185187242,48,0.8333333333333334,0.9583333333333334,1.0,141.0910662024977
2021-03-18,267.533684975941,368.06167553804556,48,0.6041666666666666,0.8125,1.0,206.29906490217726
2021-03-19,140.33879717806994,167.08905045201402,48,0.9791666666666666,1.0,1.0,124.7999891160698
2021-03-20,282.3878775778416,344.7917907545717,48,0.6041666666666666,0.8958333333333334,0.9791666666666666,198.81749915965224
2021-03-21,180.2545077056617,227.7399502023798,48,0.8125,1.0,1.0,144.0414450709789
2021-03-22,332.7418582383807,437.71710812720283,48,0.4791666666666667,0.8541666666666666,0.9166666666666666,247.4484442271681
2021-03-23,148.88721224520654,190.01873268671827,48,0.7916666666666666,1.0,1.0,135.04498504520643
2021-03-24,496.7183805504025,713.8107814835187,48,0.5416666666666666,0.6666666666666666,0.75,398.4099110868292
2021-03-25,307.981869654926,421.1707486448537,48,0.5416666666666666,0.7916666666666666,0.9375,235.06044381625043
2021-03-26,400.84698823286755,525.7939916338516,48,0.5416666666666666,0.6666666666666666,0.875,291.293766970195
2021-03-27,358.25400828168705,442.554586681419,48,0.5,0.7083333333333334,0.9375,254.54629607723848
2021-03-28,421.94232019986447,481.55594603237785,48,0.4375,0.6041666666666666,1.0,280.4800803977385
2021-03-29,243.7211819470749,324.4369438501797,48,0.7916666666666666,0.8958333333333334,0.9583333333333334,184.79324170872175
2021-03-30,123.49543014910728,156.38014601938497,48,0.9375,1.0,1.0,125.70371267976945
2021-03-31,64.08044897153282,86.38404057888788,48,0.9791666666666666,1.0,1.0,108.7651549031976
2021-04-01,126.65768426531248,148.9618823777879,48,0.9375,1.0,1.0,121.24828477444758
2021-04-02,636.2669892720414,784.2977085766414,48,0.3333333333333333,0.5208333333333334,0.5833333333333334,488.03032974232366
2021-04-03,228.54351643195574,304.0656052693077,48,0.6458333333333334,1.0,1.0,168.1120544082717
2021-04-04,167.2395609601977,229.30161232883614,48,0.8125,0.9375,1.0,147.9748154226427
2021-04-05,257.16240204039053,326.1532522599729,48,0.625,0.8333333333333334,1.0,191.83755562963393
2021-04-06,712.9238375255636,870.8628481261958,48,0.3125,0.5,0.625,537.7362206476811
2021-04-07,254.9249755458333,299.64371176690634,48,0.6666666666666666,1.0,1.0,176.46466549374338
2021-04-08,108.81681590338796,133.04169758223173,48,0.9375,1.0,1.0,119.24612302915732
2021-04-09,166.9558558235561,194.11698329730433,48,0.8125,1.0,1.0,136.15472693075046
2021-04-10,410.59950859603055,590.2942550284457,48,0.5625,0.7083333333333334,0.8541666666666666,320.23624591127674
2021-04-11,415.5350744835761,558.1110723159604,48,0.5625,0.625,0.8541666666666666,313.9312391429199
2021-04-12,215.355737095543,297.6725671964865,48,0.8125,0.8958333333333334,0.9583333333333334,173.5196756691987
2021-04-13,221.2384522810494,251.94382530661528,48,0.7083333333333334,1.0,1.0,153.2271755123188
2021-04-14,187.92922455603272,230.02701198316905,48,0.7708333333333334,1.0,1.0,145.4851735763995
2021-04-15,79.06758731010848,106.62422706683938,48,1.0,1.0,1.0,111.72405909470898
2021-04-16,210.73687494104172,279.3469026000689,48,0.75,0.9791666666666666,1.0,162.45398563827618
2021-04-17,412.75243889436814,542.1552903709086,48,0.4583333333333333,0.75,0.8333333333333334,298.15367907486313
2021-04-18,451.8200126234971,605.4238105642847,48,0.5,0.6666666666666666,0.8125,334.8299920473857
2021-04-19,209.16765196308015,288.03192626527493,48,0.8333333333333334,0.9166666666666666,0.9583333333333334,170.27079078545125
2021-04-20,127.01997786779492,153.20302421520802,48,0.9166666666666666,1.0,1.0,124.77420989404793
2021-04-21,162.7766727903207,201.24842134914962,48,0.8958333333333334,1.0,1.0,134.13422901836284
2021-04-22,164.91194548663032,186.79472142469666,48,0.9166666666666666,1.0,1.0,131.70781255642444
2021-04-23,206.7182867420032,250.6462312997314,48,0.75,1.0,1.0,151.65412776481446
2021-04-24,301.08528149899547,358.6640278068375,48,0.5,0.8958333333333334,1.0,206.56125300593453
2021-04-25,287.66285283565344,336.4991039227713,48,0.625,0.9375,1.0,192.5902078430809
2021-04-26,270.5831235301436,361.64103995187116,48,0.5625,0.8958333333333334,0.9375,204.25157367945062
2021-04-27,184.26958541990598,218.20296152274284,48,0.7708333333333334,1.0,1.0,142.8044461712393
2021-04-28,160.76746752346764,211.54776790607482,48,0.7291666666666666,1.0,1.0,141.29236312487953
2021-04-29,84.44283189663139,105.99797145324996,48,1.0,1.0,1.0,112.49685099596404
2021-04-30,139.34157023245717,171.35791970027307,48,0.9791666666666666,1.0,1.0,125.80092380558642
2021-05-01,200.08367745754109,315.41364642249505,48,0.8333333333333334,0.8958333333333334,1.0,238.7929711837145
2021-05-02,223.56452515929695,274.0730187095927,48,0.875,1.0,1.0,220.15173554836778
2021-05-03,332.2090840052877,453.9796503936436,48,0.8125,0.875,0.9583333333333334,283.7219118516214
2021-05-04,867.3389854835168,1084.9174940181435,48,0.375,0.6875,0.7916666666666666,607.8043112383167
2021-05-05,1043.8430334860768,1180.1865110045974,48,0.22916666666666666,0.4583333333333333,0.8541666666666666,699.892715253326
2021-05-06,289.63309447069065,326.61985610326985,48,0.8958333333333334,1.0,1.0,229.39947804903025
2021-05-07,144.44457988876152,196.75448522918347,48,1.0,1.0,1.0,195.91221575847513
2021-05-08,563.435835724957,716.4390748184749,48,0.5416666666666666,0.6458333333333334,1.0,414.9425613235416
2021-05-09,461.7825962126403,526.8897805642239,48,0.6458333333333334,0.8958333333333334,1.0,311.4391811614302
2021-05-10,285.2182611978811,413.05295065899213,48,0.8333333333333334,0.9166666666666666,0.9583333333333334,270.42566407731465
2021-05-11,137.0738077756568,163.42035164553562,48,1.0,1.0,1.0,193.8205926388739
2021-05-12,169.01483350291144,216.97158301201006,48,0.9583333333333334,1.0,1.0,203.0002654275536
2021-05-13,581.4150473728779,675.701099002098,48,0.5833333333333334,0.9375,1.0,372.3612978532739
2021-05-14,331.73576854314933,392.2755922004316,48,0.7083333333333334,1.0,1.0,256.1762675716258
2021-05-15,531.8133924562247,613.2732204894252,48,0.5625,0.7708333333333334,0.9166666666666666,378.87763036921643
2021-05-16,420.616245725498,498.04740540012733,48,0.6875,0.9791666666666666,1.0,290.82487956407914
2021-05-17,488.5668467883988,601.41307189016,48,0.6458333333333334,0.8958333333333334,0.9375,351.28301873604755
2021-05-18,409.28780983147,462.5795192273068,48,0.7708333333333334,0.9583333333333334,1.0,277.695800836015
2021-05-19,171.91805449787293,200.55204074698375,48,0.9166666666666666,1.0,1.0,202.7812348247494
2021-05-20,542.9726864252216,625.6261662806893,48,0.4375,1.0,1.0,337.4117249359526
2021-05-21,676.4255705202817,897.3144100602273,48,0.5416666666666666,0.7291666666666666,0.9166666666666666,483.25399066024465
2021-05-22,372.85028962711675,465.42377561712095,48,0.7291666666666666,1.0,1.0,270.4435310999141
2021-05-23,756.0191567650836,824.4948902817506,48,0.22916666666666666,0.7916666666666666,0.9166666666666666,481.38072044398865
2021-05-24,723.5309453189184,873.3708643938583,48,0.375,0.7083333333333334,0.9375,504.71860044483697
2021-05-25,170.81329252957667,221.78707524405456,48,0.9166666666666666,1.0,1.0,206.9083059025472
2021-05-26,567.133302010711,625.8376949343191,48,0.4375,0.9583333333333334,1.0,361.36698859750504
2021-05-27,345.62865175234884,425.21635825226224,48,0.6666666666666666,1.0,1.0,262.88623031700223
2021-05-28,233.71760756948416,272.09616273751266,48,0.875,1.0,1.0,218.2571217366185
2021-05-29,369.101677605669,511.5190830947505,48,0.7083333333333334,0.8541666666666666,0.8958333333333334,321.2159756990552
2021-05-30,459.8037153513326,553.0719405075245,48,0.75,0.9375,1.0,309.9899012333404
2021-05-31,663.3126971731251,804.6949570426906,48,0.5625,0.8541666666666666,0.8958333333333334,452.7156125454783
2021-06-01,476.95761520451816,543.7046541579775,48,0.6041666666666666,0.9583333333333334,1.0,308.6719895472841
2021-06-02,316.7224295026909,356.1089983243719,48,0.875,1.0,1.0,239.2352966581252
2021-06-03,868.3422437316352,1253.4664649021602,48,0.5833333333333334,0.6458333333333334,0.7708333333333334,682.8035555988881
2021-06-04,1309.5431387504564,1472.279332358617,48,0.08333333333333333,0.22916666666666666,0.8541666666666666,918.8586672793018
2021-06-05,1208.8236566625776,1449.1642688726397,48,0.20833333333333334,0.4375,0.5625,914.4933893704574
2021-06-06,883.5259681660024,987.145447857227,48,0.2708333333333333,0.5,0.875,602.9780464030821
2021-06-07,280.60260096169714,469.09047483653393,48,0.8541666666666666,0.8958333333333334,0.9375,286.8073440350176
2021-06-08,783.6811472218172,951.1835442107564,48,0.4166666666666667,0.6666666666666666,0.9166666666666666,527.0077369934312
2021-06-09,1014.1278268885804,1195.5988101050943,48,0.16666666666666666,0.5416666666666666,1.0,675.1467229273828
2021-06-10,1273.019391122796,1554.2861334254812,48,0.20833333333333334,0.5208333333333334,0.6875,933.0365268638778
2021-06-11,1601.3357754251222,1784.4597693757255,48,0.10416666666666667,0.125,0.3125,1195.8240861949735
2021-06-12,1071.6343690230071,1273.6683025014067,48,0.20833333333333334,0.5,0.625,798.4118827807439
2021-06-13,986.8192240484268,1179.4227709943727,48,0.375,0.5,0.6666666666666666,705.2966839258348
2021-06-14,1040.0466978560228,1137.848439029705,48,0.125,0.4583333333333333,0.9375,684.1594956014102
2021-06-15,357.59463018579754,544.724003849749,48,0.7708333333333334,0.8958333333333334,0.9375,320.89882702321887
2021-06-16,458.3741299461089,550.7989989851352,48,0.6041666666666666,0.9583333333333334,1.0,308.6149073562381
2021-06-17,496.3080482558133,577.7310540529124,48,0.5833333333333334,1.0,1.0,315.9816353407261
2021-06-18,326.11584712648687,367.36437501656013,48,0.8333333333333334,1.0,1.0,245.8093353586523
2021-06-19,576.5952167870732,724.5412025334521,48,0.6666666666666666,0.8333333333333334,0.875,416.97216217785945
2021-06-20,613.0379458549088,739.0396263043755,48,0.4375,1.0,1.0,389.25845338058963
2021-06-21,809.2804501854553,950.2447523735605,48,0.2708333333333333,0.8125,0.875,542.6763729602361
2021-06-22,199.52423579159122,262.63716880833726,48,0.9166666666666666,1.0,1.0,216.04129274597707
2021-06-23,191.65277960353475,226.78993334584788,48,0.8958333333333334,1.0,1.0,206.61444857472057
2021-06-24,317.6844657062764,422.1398755534205,48,0.8333333333333334,0.9375,1.0,260.295946312323
2021-06-25,405.24221897003866,509.3696608137636,48,0.6666666666666666,0.9583333333333334,1.0,298.2248864059259
2021-06-26,1104.4323873088188,1240.4297734135564,48,0.1875,0.4791666666666667,0.6458333333333334,780.2103593901519
2021-06-27,931.4826758893005,1050.2557944217242,48,0.20833333333333334,0.5208333333333334,0.8958333333333334,631.4022822071958
2021-06-28,445.7550605949432,510.40182233273293,48,0.5625,1.0,1.0,304.85091474770024
2021-06-29,779.2800449972377,913.2437700056876,48,0.3333333333333333,0.625,0.9166666666666666,524.4865983892114
2021-06-30,150.12225740237957,196.31309360604493,48,1.0,1.0,1.0,194.55545404503243
2021-07-01,195.09724667027817,265.79911055705014,48,0.9375,1.0,1.0,211.40904707588734
2021-07-02,230.91230197897303,301.774108321497,48,1.0,1.0,1.0,215.02786032553786
2021-07-03,1002.8938833601842,1138.9853158171372,48,0.16666666666666666,0.5208333333333334,0.6666666666666666,707.5999398371158
2021-07-04,657.9674282410957,811.8971742435031,48,0.375,0.6041666666666666,1.0,478.18742157049604
2021-07-05,360.37613012550486,437.7129947749575,48,0.625,0.8333333333333334,1.0,287.4108194868763
2021-07-06,475.285147765642,548.9849544567119,48,0.625,1.0,1.0,311.97277693015576
2021-07-07,472.9694225360833,577.7825553500415,48,0.625,1.0,1.0,311.41200389519685
2021-07-08,175.8381610130776,216.2422788536786,48,0.875,0.9583333333333334,1.0,212.19110474803628
2021-07-09,1127.1749075317227,1504.7174008214724,48,0.3958333333333333,0.6458333333333334,0.7291666666666666,849.8059208640203
2021-07-10,1170.612097114495,1451.5032962104517,48,0.25,0.4375,0.8125,840.8391690480466
2021-07-11,601.5210763985439,772.6272440397705,48,0.4166666666666667,0.6458333333333334,1.0,449.4436198414508
2021-07-12,612.8802992054697,723.083116889415,48,0.5,0.875,0.9375,410.5277804589003
2021-07-13,574.8478022307821,697.1811102024591,48,0.4166666666666667,0.9583333333333334,1.0,369.97879518899344
2021-07-14,653.7758002282714,872.0063535457541,48,0.625,0.7708333333333334,0.875,468.6859493476774
2021-07-15,260.03391641368097,337.1427235987697,48,0.75,0.9166666666666666,1.0,252.68350927249307
2021-07-16,1538.1337870295513,1695.5594477218806,48,0.041666666666666664,0.1875,0.5833333333333334,1131.6706033059713
2021-07-17,567.5412852916312,742.6842553754375,48,0.4583333333333333,0.75,0.875,444.2592663858834
2021-07-18,1296.517968097778,1412.7451169005394,48,0.020833333333333332,0.2708333333333333,0.5416666666666666,930.3960762999923
2021-07-19,456.0815435606972,574.637169127684,48,0.6666666666666666,0.9166666666666666,1.0,315.8577376679455
2021-07-20,734.176454627388,953.099826566273,48,0.375,0.6875,0.8958333333333334,526.7704369012323
2021-07-21,451.661914268154,540.3943280126957,48,0.625,1.0,1.0,298.08965312193936
2021-07-22,398.98312459033303,541.308443283187,48,0.6666666666666666,0.9166666666666666,1.0,304.80398152869543
2021-07-23,471.1704338750389,569.3605119184043,48,0.5,0.9583333333333334,1.0,322.16924178137816
2021-07-24,497.3571685571942,608.6814041785983,48,0.5208333333333334,0.8958333333333334,1.0,338.9974807704061
2021-07-25,900.1886123900973,1011.47408307161,48,0.20833333333333334,0.5208333333333334,0.8125,621.821646124401
2021-07-26,352.355978031197,488.02100067218225,48,0.7916666666666666,0.9166666666666666,0.9583333333333334,292.6204387718262
2021-07-27,938.3847771194277,1150.24501847487,48,0.2916666666666667,0.5416666666666666,0.9791666666666666,637.315133956354
2021-07-28,1404.4174258282303,1614.1871877826443,48,0.0625,0.20833333333333334,0.6875,1007.9169182495098
2021-07-29,673.7567868337646,822.1128784351596,48,0.3958333333333333,0.8333333333333334,1.0,434.86391681317536
2021-07-30,938.0415985596878,1074.0591283750784,48,0.16666666666666666,0.6041666666666666,0.9166666666666666,621.5776320641947
2021-07-31,1041.4994811671113,1187.5695249214662,48,0.16666666666666666,0.5208333333333334,0.8541666666666666,703.7951563829633
2021-08-01,398.38555141888236,495.1735355380859,48,0.5208333333333334,0.75,0.875,278.4638193168325
2021-08-02,331.31610436891077,526.3691880766354,48,0.7291666666666666,0.8541666666666666,0.875,271.09715952673275
2021-08-03,157.0792109592049,192.80259527542583,48,0.9375,1.0,1.0,132.00788002273944
2021-08-04,322.4436708040685,403.133890297959,48,0.5416666666666666,0.8958333333333334,1.0,217.224315359912
2021-08-05,392.6878974922899,449.35185049807893,48,0.3125,0.7708333333333334,1.0,256.5066900939582
2021-08-06,284.5112093362082,368.35484571886934,48,0.6041666666666666,0.9375,1.0,200.30643040659126
2021-08-07,327.92416900117706,393.84382480651095,48,0.4791666666666667,0.875,0.9375,223.31284917255584
2021-08-08,589.5986009602576,767.4027793589187,48,0.3958333333333333,0.6041666666666666,0.7708333333333334,441.11778245201657
2021-08-09,307.1939098382163,424.1347033452551,48,0.625,0.875,0.9166666666666666,231.36706465812642
2021-08-10,403.1337983809556,493.7081461700768,48,0.4166666666666667,0.7291666666666666,1.0,272.9517445335057
2021-08-11,446.8088604846089,526.9370101262703,48,0.2916666666666667,0.75,1.0,293.0431826849884
2021-08-12,230.86931640136814,268.42961317463516,48,0.6875,1.0,1.0,159.60010989819258
2021-08-13,205.87781722736864,256.8568774238607,48,0.8125,0.9583333333333334,1.0,156.4390556756605
2021-08-14,258.0718576268592,330.5362797122017,48,0.6458333333333334,0.875,1.0,192.86391526127204
2021-08-15,445.4905634487256,505.80864457604247,48,0.2708333333333333,0.75,0.9583333333333334,292.4439778057124
2021-08-16,232.67398361015023,333.2295233116686,48,0.7708333333333334,0.875,0.9166666666666666,189.5935139972659
2021-08-17,199.3122256641506,256.8679533434209,48,0.8125,1.0,1.0,151.7291644917179
2021-08-18,141.5797147116455,172.37349755802975,48,0.875,1.0,1.0,130.73142886575954
2021-08-19,217.8255268019218,270.2338083459011,48,0.7291666666666666,1.0,1.0,158.12373489599193
2021-08-20,239.6807757084122,306.97449505382394,48,0.7083333333333334,0.9583333333333334,1.0,173.12008277597525
2021-08-21,269.34805576269633,403.1167553313214,48,0.6875,0.7916666666666666,0.8958333333333334,222.9971231624568
2021-08-22,488.2170829851277,599.9740139823432,48,0.4375,0.625,0.8958333333333334,340.02260564800196
2021-08-23,487.7075996058824,696.1003354492734,48,0.4166666666666667,0.6666666666666666,0.7916666666666666,382.41353631863285
2021-08-24,1823.4532287362017,2226.8167576647584,48,0.2708333333333333,0.2916666666666667,0.3125,1626.2527930211345
2021-08-25,497.64364469058404,585.525018167372,48,0.3541666666666667,0.5208333333333334,0.75,353.86510415460106
2021-08-26,630.3335043166647,855.3224160854068,48,0.4375,0.6041666666666666,0.7083333333333334,494.47636267561296
2021-08-27,247.13533223606944,291.8679649590677,48,0.6458333333333334,1.0,1.0,171.81619918574916
2021-08-28,320.39898532848173,419.1528945646444,48,0.5833333333333334,0.8333333333333334,0.9166666666666666,236.40683407950976
2021-08-29,257.46360740890344,332.86247357206884,48,0.6458333333333334,0.8541666666666666,1.0,190.43592538087765
2021-08-30,411.9624645680463,500.85507571672946,48,0.5,0.6666666666666666,0.9166666666666666,284.6875586832118
2021-08-31,495.3946124178101,610.488430327764,48,0.4166666666666667,0.5416666666666666,0.9583333333333334,348.29433282276256
2021-09-01,1191.2995622466144,1398.8730632867355,48,0.1875,0.3333333333333333,0.9583333333333334,832.3985178680381
2021-09-02,884.0969717693642,1075.238802654091,48,0.3125,0.5833333333333334,1.0,579.3114765142959
2021-09-03,730.8971653062099,857.6352161349264,48,0.2708333333333333,0.9791666666666666,1.0,455.71660355465065
2021-09-04,538.7848798480314,657.8840252106503,48,0.5625,0.875,0.9583333333333334,364.6282891856661
2021-09-05,236.50230173236287,294.0891182151202,48,0.8333333333333334,0.9583333333333334,1.0,228.59657470109008
2021-09-06,443.7039158132505,570.6031431914608,48,0.4791666666666667,0.9583333333333334,1.0,333.525945995685
2021-09-07,937.1063185103616,1076.0953071205652,48,0.16666666666666666,0.625,0.9583333333333334,620.8345102266218
2021-09-08,971.9630427607134,1116.7086014178544,48,0.16666666666666666,0.5416666666666666,1.0,630.5272278679681
2021-09-09,518.7740936474212,619.515089097802,48,0.5625,1.0,1.0,327.25929055495186
2021-09-10,275.72533718308676,349.2845434236645,48,0.9375,1.0,1.0,229.23639796382346
2021-09-11,683.6129569275284,761.0886465812126,48,0.25,0.8541666666666666,1.0,429.34310746000364
2021-09-12,379.084477815086,464.0143833120875,48,0.75,1.0,1.0,273.3190094707003
2021-09-13,574.9893763210172,702.6589049033008,48,0.4791666666666667,0.875,1.0,392.60945265497867
2021-09-14,784.5961939339953,896.8140572541763,48,0.1875,0.9166666666666666,1.0,490.9800769546786
2021-09-15,293.2907836647286,364.61774459432115,48,0.9166666666666666,1.0,1.0,238.00068823353317
2021-09-16,212.7374318786107,253.6140435798438,48,0.9166666666666666,1.0,1.0,214.82876067456016
2021-09-17,292.0316321656016,400.3315859371088,48,0.8125,1.0,1.0,251.66580888168423
2021-09-18,409.99869731694315,531.1638681556768,48,0.7083333333333334,0.8958333333333334,0.9583333333333334,318.9633118876787
2021-09-19,339.8717488778007,375.67196037806315,48,0.8125,0.9791666666666666,1.0,252.70060325611203
2021-09-20,601.4152445159967,691.6290600432086,48,0.3541666666666667,0.9791666666666666,1.0,373.6950415226311
2021-09-21,302.62087372120556,376.8868969528051,48,0.8333333333333334,1.0,1.0,243.75876191515007
2021-09-22,339.03947176056363,416.5672685864925,48,0.6458333333333334,1.0,1.0,261.1784884822801
2021-09-23,995.4997632655892,1123.3175675302703,48,0.125,0.5208333333333334,1.0,647.075282904768
2021-09-24,557.106597485904,659.5466550607987,48,0.5,1.0,1.0,354.39709071703356
2021-09-25,241.06153238126808,320.3337361648343,48,0.875,0.9583333333333334,1.0,238.86329936369143
2021-09-26,476.17404206263217,580.0856933860047,48,0.6875,0.9583333333333334,1.0,322.2924417859385
2021-09-27,694.4233579276624,781.9863827266082,48,0.4375,0.8541666666666666,0.9166666666666666,453.5751977700227
2021-09-28,415.3686890194446,495.5257650168319,48,0.75,1.0,1.0,282.5175730682408
2021-09-29,556.4779083629862,746.3550240246443,48,0.6458333333333334,0.7708333333333334,0.9791666666666666,405.54843036946545
2021-09-30,875.1998980758609,940.4119319840008,48,0.020833333333333332,0.6875,1.0,552.9399624236
2021-10-01,245.06508620347049,290.8444262595466,48,0.9166666666666666,1.0,1.0,223.3551568477592
2021-10-02,246.91983444871119,390.12595730583007,48,0.8125,0.8958333333333334,1.0,260.88520144536534
2021-10-03,1097.6408766739842,1221.5694140609178,48,0.0625,0.4166666666666667,0.8958333333333334,733.2254586690711
2021-10-04,762.9208603065666,893.0032108158548,48,0.2708333333333333,0.7708333333333334,1.0,485.4294966330064
2021-10-05,631.3711239321998,740.6648768159566,48,0.375,1.0,1.0,391.1433761287267
2021-10-06,587.9796020804889,703.1589493416874,48,0.3958333333333333,1.0,1.0,370.1243659508021
2021-10-07,436.78452299320946,546.069482545444,48,0.6875,1.0,1.0,292.27363936626597
2021-10-08,251.9032498286368,305.4367506065334,48,0.9791666666666666,1.0,1.0,220.44773731058444
2021-10-09,539.2683740287531,599.583976680637,48,0.6041666666666666,0.8958333333333334,1.0,354.1983737197617
2021-10-10,533.433036466416,756.1220978345661,48,0.5833333333333334,0.8125,1.0,400.1527519617145
2021-10-11,1849.5988685941502,2072.354333030877,48,0.10416666666666667,0.22916666666666666,0.4166666666666667,1453.6061526599185
2021-10-12,1755.231089501911,1958.9668186419444,48,0.10416666666666667,0.16666666666666666,0.4166666666666667,1349.002289921403
2021-10-13,1185.528628208003,1306.8475715746827,48,0.125,0.3541666666666667,0.8333333333333334,808.5132025467628
2021-10-14,374.9218496577793,447.67332906490026,48,0.8125,1.0,1.0,264.42733512902186
2021-10-15,374.1559907940734,480.70197959543987,48,0.7708333333333334,0.9583333333333334,1.0,281.56970736642126
2021-10-16,723.6191539985962,909.6634806209022,48,0.4375,0.5416666666666666,0.8541666666666666,533.3553663179476
2021-10-17,1328.7520210284104,1526.1215125729166,48,0.16666666666666666,0.4583333333333333,0.6041666666666666,973.5286131544423
2021-10-18,788.742096092404,920.5372611959026,48,0.22916666666666666,0.8333333333333334,1.0,496.8922765773389
2021-10-19,291.7056985741583,402.9930784148269,48,0.8541666666666666,1.0,1.0,242.17659857077865
2021-10-20,240.7733118664381,288.08015781378214,48,1.0,1.0,1.0,215.81487453043437
2021-10-21,273.48331765113613,340.4988322331561,48,1.0,1.0,1.0,225.9067548629994
2021-10-22,113.47959210834772,141.34963931099105,48,1.0,1.0,1.0,193.768936246982
2021-10-23,331.462117158802,412.8917921800011,48,0.6875,0.9375,1.0,273.8579205794969
2021-10-24,213.04050248811606,259.04288516102383,48,0.9375,1.0,1.0,212.79480790694774
2021-10-25,298.59769856483575,364.1714267051431,48,0.8958333333333334,0.9166666666666666,1.0,250.087413785809
2021-10-26,128.83734785748632,152.85677009582625,48,0.9791666666666666,1.0,1.0,194.43155762612858
2021-10-27,278.8048706299732,320.1520022589869,48,0.9375,1.0,1.0,229.39833608069065
2021-10-28,518.896246199101,744.4803951167744,48,0.6666666666666666,0.875,0.9583333333333334,389.00176027506285
2021-10-29,1149.751204791994,1336.3644892003742,48,0.25,0.5416666666666666,0.7083333333333334,809.9403648909192
2021-10-30,296.0848189191467,346.20909660205666,48,0.9375,1.0,1.0,234.19821170223756
2021-10-31,951.2976884861904,1109.2771551083288,48,0.3333333333333333,0.5208333333333334,0.875,648.4041579602044
2021-11-01,319.1875161049104,404.9980295973607,48,0.8541666666666666,1.0,1.0,248.80173470403918
2021-11-02,320.29974575439013,354.02848457114305,48,0.9166666666666666,1.0,1.0,242.5281402303458
2021-11-03,134.48310594708738,161.69586090788937,48,1.0,1.0,1.0,195.6210781860677
2021-11-04,543.2881260719552,768.9365040218247,48,0.625,0.7291666666666666,0.9166666666666666,429.0096596438381
2021-11-05,690.6095286764403,788.1094269633204,48,0.5,0.7291666666666666,0.9791666666666666,458.5490450222365
2021-11-06,461.56700073195066,556.2900511687201,48,0.6875,0.8541666666666666,1.0,327.6670977555768
2021-11-07,230.45811206428274,297.43389567373237,48,0.8541666666666666,0.9583333333333334,1.0,233.93386889135226
2021-11-08,598.0918615855335,681.8668397518412,48,0.5416666666666666,0.8541666666666666,0.8958333333333334,401.7653195351796
2021-11-09,272.57496339539813,331.3312941029492,48,0.7708333333333334,1.0,1.0,235.7274986783406
2021-11-10,452.9770153431291,602.0835844181258,48,0.6041666666666666,0.875,1.0,343.7923098432161
2021-11-11,764.6977090113188,874.1427356151777,48,0.2708333333333333,0.6458333333333334,1.0,499.26834750800646
2021-11-12,503.5898026974949,592.0778475895935,48,0.5,0.9166666666666666,1.0,339.9027250754143
2021-11-13,503.803982611338,650.8789362766205,48,0.4791666666666667,0.8125,0.9375,388.10877391490067
2021-11-14,819.5028515970492,993.932696715163,48,0.5,0.5833333333333334,0.7708333333333334,586.5492677483471
2021-11-15,515.0375088022055,626.683045151798,48,0.6041666666666666,0.8541666666666666,1.0,353.74387064312504
2021-11-16,738.9043539283826,838.6206746172967,48,0.3541666666666667,0.7916666666666666,1.0,464.2698723725301
2021-11-17,933.1268827642516,1033.993982094405,48,0.0,0.6458333333333334,1.0,587.577471928564
2021-11-18,383.3607059809362,462.4442311999209,48,0.7708333333333334,1.0,1.0,273.48608584760836
2021-11-19,547.7279380627447,783.2177301168355,48,0.5833333333333334,0.7291666666666666,0.9583333333333334,433.3050716509809
2021-11-20,661.2074107335055,860.2494795187381,48,0.5416666666666666,0.7916666666666666,0.8958333333333334,466.61823022156324
2021-11-21,656.2127590428086,769.9113607217596,48,0.3333333333333333,0.8125,1.0,434.4170803245338
2021-11-22,785.7934136737343,888.1166191710885,48,0.2916666666666667,0.8125,0.8958333333333334,509.7771856746824
2021-11-23,98.75968229492263,121.47638261396445,48,1.0,1.0,1.0,192.42055750309464
2021-11-24,588.9349368029043,678.2307816908334,48,0.4166666666666667,1.0,1.0,365.3743312389924
2021-11-25,844.0135543037098,959.3520909659599,48,0.25,0.625,1.0,544.3522038703028
2021-11-26,846.3546289987459,941.4931971196804,48,0.16666666666666666,0.7083333333333334,0.9166666666666666,546.8706241080741
2021-11-27,261.66815127290204,308.8062461643578,48,0.9166666666666666,1.0,1.0,229.5594251664617
2021-11-28,659.7705954505444,797.5761356655088,48,0.4791666666666667,0.7291666666666666,0.9166666666666666,464.0544147408591
2021-11-29,363.94821421813805,471.86215561126005,48,0.7083333333333334,0.9583333333333334,1.0,290.3723443283827
2021-11-30,203.33711901693218,230.1689059368081,48,0.9375,1.0,1.0,212.33131660580577
2021-12-01,308.5746804442835,349.2753601861386,48,0.9166666666666666,1.0,1.0,238.82703014161976
2021-12-02,208.98153171387904,268.02600758334205,48,1.0,1.0,1.0,214.27254165804015
2021-12-03,286.88761350256385,430.7668770410654,48,0.875,0.9791666666666666,1.0,256.4002738195156
2021-12-04,254.04656385109823,343.1231388068837,48,0.7708333333333334,1.0,1.0,237.58639254831405
2021-12-05,481.5855006860017,531.1894733361282,48,0.625,0.9375,1.0,317.6277333532166
2021-12-06,270.8902697664763,363.78206074793513,48,0.8125,0.8958333333333334,1.0,257.56459102560785
2021-12-07,256.6504518524796,354.5930081914373,48,0.8541666666666666,1.0,1.0,238.30440732208854
2021-12-08,288.5955209381545,384.77045349888834,48,0.7291666666666666,0.9791666666666666,1.0,253.68286494949487
2021-12-09,205.60748311544344,240.39759646485737,48,0.9375,1.0,1.0,212.87624821362343
2021-12-10,429.08493904967827,511.4552907570022,48,0.5,1.0,1.0,309.6238477075502
2021-12-11,561.4154898609977,663.563325828206,48,0.4583333333333333,0.8333333333333334,1.0,385.06314908107305
2021-12-12,1024.9080032948461,1172.9896371066002,48,0.1875,0.5208333333333334,0.7708333333333334,703.8717235173539
2021-12-13,549.8820537735023,639.5182956008841,48,0.6458333333333334,0.875,1.0,355.5866176393484
2021-12-14,338.1091123191459,368.6003614081058,48,0.7708333333333334,1.0,1.0,253.53865296327817
2021-12-15,448.4781427067821,649.442667938926,48,0.7083333333333334,0.8958333333333334,1.0,337.5436436007676
2021-12-16,805.637023454869,974.2064447038523,48,0.4375,0.6666666666666666,0.8125,555.5672561896118
2021-12-17,242.80765003694833,325.52926995032783,48,0.7708333333333334,1.0,1.0,239.07481250259562
2021-12-18,1382.9006983178722,1860.9036198412432,48,0.375,0.5416666666666666,0.625,1072.6480317963903
2021-12-19,1684.512519286461,2046.158563914058,48,0.20833333333333334,0.3125,0.5416666666666666,1316.7983178659445
2021-12-20,1352.7251011368369,1527.736773663542,48,0.020833333333333332,0.3541666666666667,0.6666666666666666,959.6658623407302
2021-12-21,1518.9360649887458,1804.3386198101798,48,0.16666666666666666,0.2916666666666667,0.4375,1130.9764859005254
2021-12-22,358.8364485599122,437.8680730466171,48,0.8125,1.0,1.0,262.4531573782758
2021-12-23,319.8007194605439,388.53748115962935,48,0.8541666666666666,1.0,1.0,252.10692197793318
2021-12-24,259.8361587896893,327.7464076940625,48,0.875,1.0,1.0,231.17080944191218
2021-12-25,1165.567918691155,1262.1977292848103,48,0.0625,0.3958333333333333,0.75,797.1817643680423
2021-12-26,882.9180996223143,1026.7212698917913,48,0.22916666666666666,0.6041666666666666,1.0,568.1140222868075
2021-12-27,1532.3735494076693,1832.3814353935386,48,0.1875,0.3541666666666667,0.5,1146.8269983617163
2021-12-28,2041.7252935062909,2340.844690103963,48,0.041666666666666664,0.14583333333333334,0.2916666666666667,1619.0194139388825
2021-12-29,1795.6343335510564,2031.4402082493266,48,0.041666666666666664,0.16666666666666666,0.3333333333333333,1371.602674349858
2021-12-30,1071.0010644099211,1192.376076387423,48,0.14583333333333334,0.4375,0.9166666666666666,709.0078335775846
2021-12-31,558.383070766729,614.7848110104513,48,0.3125,0.9791666666666666,1.0,359.8023309871742
2022-01-01,387.18814027186835,455.19923993880826,48,0.6666666666666666,0.875,1.0,297.44850209611036
2022-01-02,423.22726603743376,580.9317683108427,48,0.7083333333333334,1.0,1.0,307.13963047412864
2022-01-03,922.5111809444065,1046.9946956278466,48,0.16666666666666666,0.6458333333333334,1.0,589.1684954533438
2022-01-04,703.1515804276306,781.5057935124697,48,0.3125,0.7916666666666666,1.0,446.61128595890864
2022-01-05,948.4770315361862,1067.2336845458224,48,0.16666666666666666,0.6041666666666666,0.9375,628.7625906779311
2022-01-06,715.023054487713,776.5253801386507,48,0.3333333333333333,0.8541666666666666,1.0,453.0183935327107
2022-01-07,1104.0486363125194,1193.0021515875176,48,0.041666666666666664,0.4583333333333333,0.8958333333333334,733.3422017740195
2022-01-08,717.4747971948531,927.7968265846221,48,0.3958333333333333,0.7916666666666666,1.0,479.97677506259237
2022-01-09,360.4481900765213,501.8288664234598,48,0.6666666666666666,1.0,1.0,276.23133892506866
2022-01-10,623.0258259759908,732.1562788630924,48,0.4583333333333333,0.8541666666666666,1.0,408.96998088367536
2022-01-11,1278.3840343426455,1448.0486058081256,48,0.125,0.3541666666666667,0.75,901.2263445556886
2022-01-12,218.38851651609966,255.09989863382134,48,0.8541666666666666,1.0,1.0,219.10595577325861
2022-01-13,307.9226121533205,458.3753436250709,48,0.75,1.0,1.0,270.0181126802588
2022-01-14,252.4609450841718,329.6824492392514,48,0.8541666666666666,1.0,1.0,240.19098170383714
2022-01-15,511.1410886077506,674.6734677179593,48,0.5833333333333334,1.0,1.0,345.45447770017654
2022-01-16,335.03567760041363,395.12153290835806,48,0.8541666666666666,1.0,1.0,254.87141106823842
2022-01-17,778.2710399087558,994.3544407438791,48,0.5,0.7708333333333334,0.8958333333333334,534.820527033791
2022-01-18,764.5361560063529,980.82832367525,48,0.4375,0.6666666666666666,0.7916666666666666,572.1803792151878
2022-01-19,822.6103119127432,1041.9651851474086,48,0.3958333333333333,0.6875,1.0,551.0812921391231
2022-01-20,814.847425511199,988.3549166125487,48,0.375,0.6875,0.9791666666666666,539.7895597107366
2022-01-21,1245.4496816527435,1412.866163716913,48,0.20833333333333334,0.3541666666666667,0.8333333333333334,866.80158398069
2022-01-22,1132.5380215305079,1292.0572900172656,48,0.14583333333333334,0.4791666666666667,0.6666666666666666,794.4723969324181
2022-01-23,1476.6673657806016,1628.1733957048662,48,0.125,0.1875,0.5833333333333334,1072.1594891697753
2022-01-24,565.8383251565657,788.0750256756987,48,0.6666666666666666,0.9166666666666666,1.0,388.06026126606986
2022-01-25,308.19679510010866,368.33001287223675,48,0.8333333333333334,1.0,1.0,247.82774313666428
2022-01-26,259.1185432273516,296.71056010599614,48,0.9166666666666666,1.0,1.0,227.07188204813392
2022-01-27,223.20120114174514,286.49793028066523,48,0.7916666666666666,1.0,1.0,228.53945491816785
2022-01-28,1442.490044188017,1668.7227922271695,48,0.14583333333333334,0.2916666666666667,0.625,1048.1144069391892
2022-01-29,1155.5351651236135,1474.4664752459473,48,0.3541666666666667,0.4375,0.8333333333333334,837.0976217452444
2022-01-30,612.298815450696,791.7086629839774,48,0.5208333333333334,0.9166666666666666,1.0,399.2707823738113
2022-01-31,1118.5065369222448,1282.619501546162,48,0.1875,0.3958333333333333,0.8541666666666666,767.7574843928741
2022-02-01,737.0892121179099,1042.9135499027802,48,0.3333333333333333,0.6875,0.7083333333333334,582.1349328927458
2022-02-02,1108.5136534572043,1469.0761156737785,48,0.20833333333333334,0.4791666666666667,0.5416666666666666,920.2080865003973
2022-02-03,777.5939423145614,988.3013908080669,48,0.125,0.5,0.7083333333333334,590.9476128145188
2022-02-04,532.3028570559852,650.1112334338039,48,0.3333333333333333,0.5416666666666666,0.75,381.9802085664416
2022-02-05,429.4054215915151,548.0832830209047,48,0.4583333333333333,0.6875,0.875,308.2199487578851
2022-02-06,352.39679211379365,394.2332055793016,48,0.3541666666666667,0.8958333333333334,1.0,226.10003865127248
2022-02-07,237.48500142807538,326.8599128059242,48,0.75,0.8541666666666666,0.9375,188.1750293587003
2022-02-08,140.72018436920948,167.19145083860164,48,0.9583333333333334,1.0,1.0,125.86512720599087
2022-02-09,528.8282336078283,734.6656604464761,48,0.4583333333333333,0.6875,0.7708333333333334,400.54620439111324
2022-02-10,631.9208567401975,838.9258753901523,48,0.2708333333333333,0.5416666666666666,0.75,477.3108522966163
2022-02-11,536.2399987458315,659.8678897256757,48,0.22916666666666666,0.6041666666666666,0.8333333333333334,380.3415552041388
2022-02-12,288.53025384524517,359.14278824463537,48,0.5,0.8958333333333334,1.0,200.70860709828102
2022-02-13,411.05231614523126,501.884774379351,48,0.3333333333333333,0.75,0.8958333333333334,282.8562612541887
2022-02-14,279.2168411858654,356.10601260259386,48,0.6041666666666666,0.8125,1.0,201.43761542214065
2022-02-15,389.28501049569417,484.9801826540412,48,0.4583333333333333,0.75,1.0,265.96322959658227
2022-02-16,113.47401995752921,154.62137667082692,48,0.9791666666666666,1.0,1.0,121.70035594037483
2022-02-17,512.46237827223,785.5581008133752,48,0.4375,0.75,0.8125,404.8799821433845
2022-02-18,192.99033289663453,232.85056854191404,48,0.8125,1.0,1.0,146.3992347096141
2022-02-19,588.9696992569696,825.2334927369051,48,0.4375,0.6041666666666666,0.75,462.16873935751727
2022-02-20,452.89867816920855,537.7208759598518,48,0.2708333333333333,0.6875,0.9791666666666666,310.40074282189954
2022-02-21,475.41089011428204,556.3713460117207,48,0.3125,0.7083333333333334,0.8958333333333334,320.9487814169585
2022-02-22,572.2534830443418,732.9290217047882,48,0.3541666666666667,0.5833333333333334,0.75,428.96799246034334
2022-02-23,318.38207873759393,362.63709430254056,48,0.5,0.8541666666666666,1.0,213.11544431816333
2022-02-24,287.6087151489529,383.0173572148327,48,0.5416666666666666,0.8125,0.9791666666666666,213.0140835462358
2022-02-25,210.67273153719302,270.1466217294855,48,0.75,0.9791666666666666,1.0,159.61771108984428
2022-02-26,307.8248135528436,371.9766487938867,48,0.5208333333333334,0.8541666666666666,1.0,211.68799365262623
2022-02-27,367.31426627655105,466.91089345159304,48,0.4583333333333333,0.7291666666666666,0.9583333333333334,266.30800729782214
2022-02-28,282.5889536591653,374.34557858069394,48,0.6666666666666666,0.875,0.9375,211.05636485405958
2022-03-01,159.73064039653977,210.57103976423068,48,0.875,1.0,1.0,209.43475113039918
2022-03-02,237.67612484967754,310.9627153834442,48,1.0,1.0,1.0,218.54291682919202
2022-03-03,167.44774784084262,202.5646086669346,48,1.0,1.0,1.0,199.5903992055205
2022-03-04,231.80916095475823,294.2192466852921,48,0.875,1.0,1.0,227.88991565822275
2022-03-05,352.32973090412383,485.2928056183361,48,0.75,0.8125,0.9583333333333334,312.4378873439303
2022-03-06,321.25718788206433,374.712142372052,48,0.7291666666666666,1.0,1.0,254.39706130827378
2022-03-07,356.5795893769385,391.8260643883834,48,0.7291666666666666,0.9583333333333334,1.0,268.4298303936852
2022-03-08,605.0855859861442,689.8573318206311,48,0.4583333333333333,0.75,1.0,404.49050548271765
2022-03-09,364.7991975852594,455.56691598140975,48,0.7291666666666666,1.0,1.0,273.84287708181364
2022-03-10,947.8004384872979,1140.9424925553817,48,0.3541666666666667,0.6458333333333334,0.7916666666666666,657.917350447147
2022-03-11,1206.7468055855936,1333.7411171807844,48,0.0625,0.3125,0.8541666666666666,826.6658887394098
2022-03-12,1118.2310403038452,1213.804714852487,48,0.08333333333333333,0.4375,0.875,757.4590126658244
2022-03-13,1021.4654442788155,1123.5367102154032,48,0.14583333333333334,0.4791666666666667,0.9166666666666666,666.9906764452061
2022-03-14,428.614906494409,572.2818488321744,48,0.6458333333333334,1.0,1.0,303.8490988033612
2022-03-15,274.59476465423336,317.4589244997192,48,0.9791666666666666,1.0,1.0,226.9483801551787
2022-03-16,156.84560826792085,192.87307816873178,48,0.9583333333333334,1.0,1.0,200.60824875158735
2022-03-17,521.6017608229704,631.3490709677251,48,0.625,1.0,1.0,335.61408795317465
2022-03-18,470.18725474331114,557.8596131048566,48,0.7083333333333334,1.0,1.0,305.818143577812
2022-03-19,333.124721183582,391.84203371011665,48,0.8333333333333334,1.0,1.0,250.20676884186796
2022-03-20,815.6511035733183,1028.6908189331295,48,0.5208333333333334,0.6458333333333334,0.7708333333333334,589.9868747579709
2022-03-21,218.73149649257175,247.93228343116195,48,0.9166666666666666,1.0,1.0,214.25297608766087
2022-03-22,451.6967970164371,610.8153609504093,48,0.7083333333333334,0.9375,1.0,319.970451186802
2022-03-23,435.74966324117946,584.4003320496831,48,0.6458333333333334,0.8333333333333334,1.0,333.66244694393856
2022-03-24,461.9299338059027,608.9420100283182,48,0.6875,0.8125,1.0,347.2994729164093
2022-03-25,215.3652088647733,255.35638966261712,48,0.8333333333333334,1.0,1.0,222.35456272689808
2022-03-26,241.36336420876094,311.08914270110785,48,0.8541666666666666,1.0,1.0,233.90368526450186
2022-03-27,204.11827612083138,270.98386038681656,48,0.8541666666666666,1.0,1.0,223.2335325535405
2022-03-28,593.1258081609909,693.0655712847763,48,0.5,0.875,0.9375,400.1006247374074
2022-03-29,407.6010116583437,493.4356011423503,48,0.7291666666666666,0.9166666666666666,1.0,298.35094112535336
2022-03-30,105.89549252162571,125.22633983519563,48,1.0,1.0,1.0,191.33214913210713
2022-03-31,248.60798553646077,300.57802122901927,48,0.875,1.0,1.0,225.64239244347323
2022-04-01,229.6108811849091,298.2011279565723,48,0.9166666666666666,1.0,1.0,224.32110875615444
2022-04-02,630.5242743561466,768.6812688456907,48,0.4583333333333333,0.6458333333333334,1.0,449.68197239864503
2022-04-03,1076.8855331751188,1220.4378753888502,48,0.16666666666666666,0.5625,0.6666666666666666,753.5628858679923
2022-04-04,534.3842730364918,592.970285563947,48,0.5833333333333334,1.0,1.0,338.9248677715595
2022-04-05,543.6762154619678,584.4468031565182,48,0.4583333333333333,0.8958333333333334,1.0,354.18333558090876
2022-04-06,413.58042131178917,460.22445761835064,48,0.6458333333333334,0.9791666666666666,1.0,285.1411966231479
2022-04-07,694.6590306272986,855.7315824504632,48,0.5416666666666666,0.7083333333333334,0.9375,480.8249622848184
2022-04-08,439.246100938009,492.44748150514147,48,0.8125,1.0,1.0,287.2142401599881
2022-04-09,313.23049325800986,387.46871329481354,48,0.7708333333333334,0.9583333333333334,1.0,261.1078143710735
2022-04-10,462.40254353370284,649.0792389368833,48,0.6041666666666666,0.7708333333333334,1.0,372.79295727961454
2022-04-11,215.74332959550068,265.17218538332645,48,0.9166666666666666,1.0,1.0,218.51248870213882
2022-04-12,355.5200931875438,431.47203323813534,48,0.8541666666666666,1.0,1.0,261.5609129150091
2022-04-13,444.45237047208667,484.0377371919986,48,0.6666666666666666,1.0,1.0,289.4562457616327
2022-04-14,369.1583466720517,448.5111957036309,48,0.8125,1.0,1.0,265.4416015614636
2022-04-15,1231.6418414265195,1377.5596579007945,48,0.0625,0.3958333333333333,0.6666666666666666,868.336677975005
2022-04-16,1042.9318917733265,1143.3319238474865,48,0.14583333333333334,0.4375,0.9791666666666666,688.3674701689379
2022-04-17,681.7306794290735,769.1645384796693,48,0.20833333333333334,0.9166666666666666,1.0,419.5801399853705
2022-04-18,802.4428616509267,890.3244441506982,48,0.14583333333333334,0.8333333333333334,1.0,495.5917574043954
2022-04-19,349.21540487642864,420.25468399273166,48,0.7291666666666666,1.0,1.0,262.9747753164053
2022-04-20,361.7499616885719,413.6526505758258,48,0.8333333333333334,1.0,1.0,264.35054395542755
2022-04-21,172.4871141593502,201.78427428098198,48,1.0,1.0,1.0,202.12733320368952
2022-04-22,718.4865307618978,863.6415160190885,48,0.4791666666666667,0.75,0.9583333333333334,479.70184810207337
2022-04-23,212.77097016068998,278.6822472006924,48,1.0,1.0,1.0,212.0083143335837
2022-04-24,246.2960874437165,301.8839325473731,48,0.8333333333333334,1.0,1.0,227.44552059084603
2022-04-25,100.87602062910594,122.6106464931441,48,1.0,1.0,1.0,189.7028432009165
2022-04-26,614.7386804438811,769.652203205055,48,0.5208333333333334,0.7291666666666666,1.0,438.90832181005516
2022-04-27,1304.8854484531937,1490.03057301781,48,0.125,0.375,0.6875,932.028432704919
2022-04-28,778.2061953541315,864.5581946442961,48,0.22916666666666666,0.7916666666666666,1.0,489.2970499231798
2022-04-29,278.776900427091,329.60036562971055,48,0.8958333333333334,1.0,1.0,231.5377798060316
2022-04-30,307.3262360499744,393.9022436914907,48,0.8125,0.9375,1.0,259.5040060213485
2022-05-01,483.1724231571546,700.0932781156345,48,0.5416666666666666,0.7291666666666666,0.7708333333333334,378.97378893510626
2022-05-02,251.57514538119912,300.73316659289407,48,0.75,0.9375,1.0,177.44740023957195
2022-05-03,148.1094338452143,207.16155557578466,48,0.7916666666666666,1.0,1.0,138.8434099391611
2022-05-04,127.49112571901246,188.33337064182152,48,0.8958333333333334,1.0,1.0,130.60117613300372
2022-05-05,149.43905198954246,190.25657484636972,48,0.8541666666666666,1.0,1.0,135.7939970100583
2022-05-06,273.7812178633599,317.4664082310147,48,0.5416666666666666,1.0,1.0,181.36487921563716
2022-05-07,237.9196548999557,298.9771307781659,48,0.6666666666666666,0.9583333333333334,1.0,172.71073902509724
2022-05-08,425.1165484958348,499.1964412463214,48,0.3958333333333333,0.7916666666666666,1.0,283.27475589022214
2022-05-09,547.2436263658329,726.2888373995847,48,0.4791666666666667,0.5833333333333334,0.7291666666666666,416.76573562095814
2022-05-10,161.94207445974953,204.91495717985532,48,0.875,1.0,1.0,138.34873871622298
2022-05-11,448.99283115519944,655.7064846208704,48,0.5833333333333334,0.6875,0.75,357.16328737101145
2022-05-12,258.96424309858634,357.9753612997598,48,0.6041666666666666,0.8333333333333334,1.0,201.8834931204445
2022-05-13,216.52853805356855,265.25387915556655,48,0.6875,1.0,1.0,157.86787710245153
2022-05-14,323.58782817138666,448.6099328593448,48,0.625,0.7083333333333334,0.9375,248.43843924669497
2022-05-15,286.261169613085,345.48984464756415,48,0.6458333333333334,0.8958333333333334,1.0,196.46376466757647
2022-05-16,386.80601599240737,508.7490265012568,48,0.4166666666666667,0.6875,0.8541666666666666,291.0317448493851
2022-05-17,316.4028294715089,391.15099748607145,48,0.5833333333333334,0.8541666666666666,1.0,216.36615915550018
2022-05-18,247.72846213753792,290.45092863787295,48,0.6458333333333334,1.0,1.0,171.10053066025003
2022-05-19,331.6104424862931,410.68368775539716,48,0.5416666666666666,0.8125,1.0,225.29519718359515
2022-05-20,564.6770408931957,776.7121330798147,48,0.4166666666666667,0.7083333333333334,0.7708333333333334,434.44793501826615
2022-05-21,283.0080105424864,402.80814693001514,48,0.625,0.8125,0.8958333333333334,225.39020967124074
2022-05-22,205.39292635909078,301.22898750832456,48,0.75,0.8958333333333334,1.0,173.5112950893615
2022-05-23,286.0950309326567,428.6266234410242,48,0.7083333333333334,0.875,0.9166666666666666,227.66755870148685
2022-05-24,167.1797924402997,214.9825744751598,48,0.7708333333333334,1.0,1.0,140.21433322453078
2022-05-25,251.6568903291783,313.4896045616516,48,0.625,0.9583333333333334,1.0,182.27540978763957
2022-05-26,322.65969657005866,403.07890226619503,48,0.5833333333333334,0.875,1.0,220.54704088363243
2022-05-27,178.7261440609418,249.35689661815456,48,0.8958333333333334,0.9583333333333334,1.0,147.718329784703
2022-05-28,233.1374778950816,331.15392771370267,48,0.7916666666666666,0.8541666666666666,0.9375,188.385614924107
2022-05-29,341.99041022978923,438.8311690119488,48,0.6458333333333334,0.7708333333333334,1.0,236.04406462545387
2022-05-30,1073.2230205331582,1343.3139549055509,48,0.1875,0.3125,0.4583333333333333,888.8446197041399
2022-05-31,466.2805780026908,511.38310323741155,48,0.22916666666666666,0.6666666666666666,0.9791666666666666,304.4030236090318
2022-06-01,363.18393588503267,493.7000957977451,48,0.7083333333333334,1.0,1.0,278.51302608016636
2022-06-02,644.9680793124611,770.5534643168663,48,0.5,0.9583333333333334,1.0,409.0077143505453
2022-06-03,652.5055667660221,823.4633196322252,48,0.4375,0.8333333333333334,0.9791666666666666,441.1314122404878
2022-06-04,774.626605447303,1052.7101006851788,48,0.4791666666666667,0.7083333333333334,1.0,533.2620137327141
2022-06-05,858.049266223351,948.2654293442091,48,0.22916666666666666,0.6458333333333334,0.8958333333333334,565.3794322878683
2022-06-06,750.2403113930271,883.728759067151,48,0.3958333333333333,0.8333333333333334,0.8958333333333334,500.289816416673
2022-06-07,291.87361644539766,374.136041206725,48,0.8541666666666666,1.0,1.0,242.63441482198974
2022-06-08,281.7759082327884,368.62634546255913,48,0.875,1.0,1.0,237.59395909747874
2022-06-09,534.4696917407385,568.2532101920931,48,0.4166666666666667,0.9166666666666666,1.0,335.7605443785316
2022-06-10,319.90985723294165,392.96187636122744,48,0.8958333333333334,1.0,1.0,245.88785405425702
2022-06-11,731.7812879582307,885.309607311808,48,0.375,0.6875,0.8541666666666666,517.6407089568514
2022-06-12,703.6917403125868,786.1864140973736,48,0.3541666666666667,0.8333333333333334,0.9583333333333334,450.02176540765413
2022-06-13,384.653470859067,467.426323459033,48,0.7916666666666666,1.0,1.0,270.79384361893534
2022-06-14,424.77328587610435,658.1308234601449,48,0.7291666666666666,0.8541666666666666,0.9166666666666666,370.95092043376053
2022-06-15,358.2375189720033,437.9604626571122,48,0.7708333333333334,0.9375,1.0,280.8048814457504
2022-06-16,541.382943687879,639.7624161826244,48,0.4791666666666667,1.0,1.0,342.70687790329515
2022-06-17,283.3801771956708,352.9523365782887,48,0.9583333333333334,1.0,1.0,231.25421182793255
2022-06-18,557.3562645860733,659.8962371390422,48,0.5208333333333334,0.8541666666666666,0.9166666666666666,387.0345804867491
2022-06-19,429.5578918410244,532.1327989786668,48,0.7083333333333334,0.8541666666666666,1.0,322.4017199678604
2022-06-20,537.6413966159613,707.2507685661539,48,0.5625,0.7708333333333334,0.9375,401.5067948314945
2022-06-21,303.596249897421,404.58540781364337,48,0.7916666666666666,0.9166666666666666,1.0,266.8618948571215
2022-06-22,240.86314732641395,314.78410867545546,48,0.875,1.0,1.0,227.14265362962593
2022-06-23,384.2394342466685,442.50898190464176,48,0.625,1.0,1.0,280.46856305330965
2022-06-24,264.87802621539964,325.4414252719372,48,0.9583333333333334,1.0,1.0,226.84240187877677
2022-06-25,616.6487484815656,770.9294682603165,48,0.5,0.6666666666666666,0.8958333333333334,449.22408562653897
2022-06-26,748.22303111913,820.759071501598,48,0.3333333333333333,0.7708333333333334,0.9791666666666666,478.83930693827966
2022-06-27,907.8245255233355,1047.7957078153374,48,0.3125,0.625,0.8958333333333334,608.7037921802845
2022-06-28,797.5796592591836,912.1000030224126,48,0.25,0.6875,1.0,511.64634407508015
2022-06-29,359.10664470044935,427.6027358594005,48,0.75,1.0,1.0,266.96059419779385
2022-06-30,260.3054330537098,344.8205053407294,48,0.8125,1.0,1.0,236.41935435048165
2022-07-01,755.1719230092131,1089.8774805470741,48,0.4375,0.625,0.6666666666666666,620.6360168696975
2022-07-02,340.12308822231734,444.5973201304569,48,0.5833333333333334,0.875,0.9166666666666666,249.11062614877747
2022-07-03,314.3755854007242,378.37807893228745,48,0.4791666666666667,0.8541666666666666,1.0,215.7237120769341
2022-07-04,215.89313199703497,310.0591056296044,48,0.75,0.8958333333333334,0.9375,181.36654800938334
2022-07-05,143.18802775876978,167.67472702301603,48,0.9166666666666666,1.0,1.0,128.4860997539295
2022-07-06,155.00512194817466,217.51165845813895,48,0.875,1.0,1.0,138.6144042936031
2022-07-07,507.60769305597046,756.4222871985097,48,0.6041666666666666,0.6458333333333334,0.7083333333333334,418.03645439583397
2022-07-08,445.8499655940613,564.4030452525228,48,0.4375,0.7708333333333334,0.875,313.02132690170475
2022-07-09,490.94600627263094,609.8904851834744,48,0.4166666666666667,0.5625,0.875,349.59385258222227
2022-07-10,351.99953418892113,440.69969620322706,48,0.4583333333333333,0.75,1.0,247.67893145576707
2022-07-11,246.58694953331462,344.752007468939,48,0.6458333333333334,0.8958333333333334,0.9375,197.94537501982532
2022-07-12,203.01636976690713,262.9872460646297,48,0.7083333333333334,0.9166666666666666,1.0,162.16029898264023
2022-07-13,209.26323099803713,250.67417078600062,48,0.75,1.0,1.0,152.39954649900793
2022-07-14,218.22831325305978,273.24284073642986,48,0.6875,0.9583333333333334,1.0,165.21252833391713
2022-07-15,386.6724068506417,539.2850526713969,48,0.5416666666666666,0.7083333333333334,0.8958333333333334,290.9082530987225
2022-07-16,265.5078803880114,350.67440073035993,48,0.7291666666666666,0.8958333333333334,0.9375,197.93073838191364
2022-07-17,954.2629406500081,1089.3757247982965,48,0.16666666666666666,0.25,0.3958333333333333,741.1454045401257
2022-07-18,515.9974176501256,618.2678942826096,48,0.2916666666666667,0.6458333333333334,0.8958333333333334,356.02562114387683
2022-07-19,512.5992518396398,652.5028700628775,48,0.3125,0.6041666666666666,0.8125,374.83444732058905
2022-07-20,213.36601498602292,254.20901465106638,48,0.75,1.0,1.0,156.442557128189
2022-07-21,321.20326816781545,436.3117110680048,48,0.625,0.7708333333333334,0.9791666666666666,238.35255866190474
2022-07-22,219.2819019178072,259.9639737581262,48,0.75,1.0,1.0,156.80756900557145
2022-07-23,314.24410198867,403.2019100171389,48,0.6666666666666666,0.8541666666666666,0.9166666666666666,224.00345634426506
2022-07-24,649.055058599345,801.1469284291911,48,0.375,0.5416666666666666,0.6458333333333334,480.94412296577593
2022-07-25,325.16897830327173,492.48652925962676,48,0.625,0.875,0.8958333333333334,253.38140309095238
2022-07-26,299.54685007033027,387.6433776662418,48,0.625,0.9166666666666666,1.0,207.76676442388245
2022-07-27,280.34655549304546,355.882943978314,48,0.5416666666666666,0.8541666666666666,1.0,200.334965730853
2022-07-28,394.244270948813,480.6454261465879,48,0.4375,0.8125,1.0,261.91587465955877
2022-07-29,265.7914260173643,381.18396328454816,48,0.6458333333333334,0.875,1.0,203.32366455037678
2022-07-30,349.95415225954963,451.8953268366641,48,0.5833333333333334,0.8125,0.9166666666666666,252.66912777581376
2022-07-31,579.7924174697176,683.890315639445,48,0.2916666666666667,0.5,0.7708333333333334,404.97794623637833
2022-08-01,332.37596877302093,439.66366773774183,48,0.4791666666666667,0.8333333333333334,0.9166666666666666,243.70335440250096
2022-08-02,342.77808966214405,428.517313466495,48,0.5625,0.8125,0.9583333333333334,242.3008128625069
2022-08-03,590.0534997835698,731.5180540474971,48,0.2708333333333333,0.5833333333333334,0.8125,419.15899984614424
2022-08-04,627.1746516951321,948.0047805319045,48,0.5,0.7083333333333334,0.7708333333333334,503.61941379241733
2022-08-05,191.5206804485214,256.8082023384431,48,0.8125,0.9583333333333334,1.0,153.8715583300095
2022-08-06,514.1720943340689,634.1646824390152,48,0.3541666666666667,0.6458333333333334,0.8333333333333334,365.5351515623923
2022-08-07,338.86112247095144,403.6609137473562,48,0.4791666666666667,0.8541666666666666,1.0,229.1919670529239
2022-08-08,309.72023838413094,466.99177274992786,48,0.625,0.8958333333333334,0.8958333333333334,244.9584953724168
2022-08-09,308.46727367388564,364.22721219617915,48,0.625,0.9166666666666666,1.0,208.35945545811128
2022-08-10,230.8061488739462,289.42364611340145,48,0.6666666666666666,0.9375,1.0,172.1267691720998
2022-08-11,509.0191011997178,698.0224773666524,48,0.5,0.7083333333333334,0.75,386.29408059863727
2022-08-12,426.6680586068075,568.7326361615816,48,0.4791666666666667,0.7291666666666666,0.8125,313.870916666626
2022-08-13,629.6867718246245,800.2811862919241,48,0.3958333333333333,0.5,0.6458333333333334,481.1879821121227
2022-08-14,524.0545123583285,691.9529680382511,48,0.3958333333333333,0.625,0.8125,397.9118960023591
2022-08-15,331.8533807953059,472.71807283038913,48,0.6041666666666666,0.8541666666666666,0.9166666666666666,255.24702960697587
2022-08-16,289.40070918700764,350.74491780363434,48,0.5833333333333334,0.9583333333333334,1.0,199.24833721760183
2022-08-17,445.2592977749591,561.0134566113016,48,0.4583333333333333,0.7083333333333334,0.8958333333333334,308.4158723548095
2022-08-18,332.98836027104323,461.3844191276005,48,0.6041666666666666,0.875,0.8958333333333334,243.5664483669177
2022-08-19,309.4023119088734,411.1651948022996,48,0.5833333333333334,0.8541666666666666,0.9791666666666666,224.01257567593515
2022-08-20,325.5351045564218,488.83193298787575,48,0.6875,0.7708333333333334,0.8541666666666666,262.7527825814339
2022-08-21,697.750897710404,870.9122892688911,48,0.3125,0.5,0.7083333333333334,528.4981203394765
2022-08-22,260.2355290191027,403.2850453549731,48,0.7708333333333334,0.8958333333333334,0.9166666666666666,211.99769715919584
2022-08-23,1032.9447325169683,1371.624045127073,48,0.4166666666666667,0.4375,0.5208333333333334,865.9339622848767
2022-08-24,563.573226199985,748.7518134921776,48,0.3333333333333333,0.625,0.7708333333333334,420.73914047117245
2022-08-25,233.65160313702356,297.9481594189038,48,0.6875,0.9583333333333334,1.0,171.82896639044256
2022-08-26,286.25831013086736,341.7527159449232,48,0.5625,0.9375,1.0,192.16520840944244
2022-08-27,304.3837435362473,423.1152144253358,48,0.625,0.875,0.8958333333333334,230.35196550924783
2022-08-28,523.8708605462296,613.3850024671764,48,0.22916666666666666,0.6458333333333334,0.8958333333333334,353.73809244077455
2022-08-29,648.213167500092,860.8250794207247,48,0.4375,0.5416666666666666,0.6875,506.0845679388405
2022-08-30,276.5518315845584,353.0598429035355,48,0.6041666666666666,0.875,1.0,199.71931143646256
2022-08-31,187.51816918895008,229.5517221072079,48,0.8333333333333334,1.0,1.0,148.71429439974804
2022-09-01,283.41472002256745,343.67252841127043,48,0.625,0.9375,1.0,192.42113747748144
2022-09-02,696.8222305484809,857.2459227117441,48,0.2916666666666667,0.5,0.6875,519.5512128506793
2022-09-03,643.7340536948504,735.431853907007,48,0.22916666666666666,0.4166666666666667,0.8333333333333334,452.3990899207835
2022-09-04,679.6901322628471,793.6458668241066,48,0.22916666666666666,0.4791666666666667,0.6875,493.1350096927859
2022-09-05,347.14295009208837,481.9585791026709,48,0.625,0.8125,0.875,265.19088958905746
2022-09-06,146.94026900061655,199.72066922996407,48,0.8958333333333334,0.9791666666666666,1.0,137.16525940515808
2022-09-07,414.7526347461819,496.3454930876053,48,0.3958333333333333,0.7916666666666666,0.9583333333333334,276.37252170257847
2022-09-08,214.21338219454185,257.56005866342673,48,0.7083333333333334,1.0,1.0,156.56662123938918
2022-09-09,432.4023611406748,717.6877493925575,48,0.6875,0.8125,0.8333333333333334,359.6713682906521
2022-09-10,392.8225455358697,549.8910748378512,48,0.5625,0.7708333333333334,0.8125,299.8665212498411
2022-09-11,547.8898193640591,728.9069572160365,48,0.3958333333333333,0.625,0.6875,421.9342135737793
2022-09-12,292.3580156676292,414.00554772444195,48,0.6875,0.8958333333333334,0.8958333333333334,223.5704913646119
2022-09-13,162.21578441993586,211.99438276385797,48,0.875,1.0,1.0,139.86356485107999
2022-09-14,161.4820816643117,201.5938424000636,48,0.75,1.0,1.0,140.9694474234897
2022-09-15,808.0760146162733,1071.4174728819658,48,0.3125,0.5,0.625,649.616962318229
2022-09-16,835.2585532846961,991.8764714501276,48,0.20833333333333334,0.4166666666666667,0.5208333333333334,637.1915463257842
2022-09-17,293.3115668359649,390.25126478964086,48,0.6458333333333334,0.875,0.9166666666666666,219.58969874855757
2022-09-18,388.0412953439383,484.5130918112455,48,0.4791666666666667,0.7708333333333334,0.9375,269.27307695550275
2022-09-19,221.89495554959316,362.5772537409155,48,0.8125,0.875,0.8958333333333334,196.695928716254
2022-09-20,187.4480835379924,237.23974491546124,48,0.8541666666666666,0.9583333333333334,1.0,149.28478838173658
2022-09-21,663.262807255601,985.3025006976495,48,0.5,0.625,0.6666666666666666,557.3014717739698
2022-09-22,293.6718602801143,384.1174967576105,48,0.7083333333333334,0.8125,0.9583333333333334,216.83416737883564
2022-09-23,324.8854617429155,403.61406374188874,48,0.5625,0.8125,1.0,229.3724396848643
2022-09-24,283.1541310292444,354.61787938505114,48,0.5625,0.8541666666666666,1.0,200.5853582952384
2022-09-25,774.6783359978899,1097.9905931857625,48,0.4166666666666667,0.6041666666666666,0.6875,626.8559887263394
2022-09-26,400.10336914131295,544.2673159654015,48,0.5625,0.6875,0.8125,305.25868746635933
2022-09-27,210.33772443644602,294.8002318077243,48,0.7291666666666666,0.9166666666666666,1.0,172.19825067253768
2022-09-28,168.79183039783538,276.1713744402694,48,0.8333333333333334,0.8958333333333334,1.0,162.30175891481565
2022-09-29,140.81171689353286,185.33666496346544,48,0.7916666666666666,1.0,1.0,136.0481069023319
2022-09-30,141.91970971446423,173.49111286682037,48,0.8958333333333334,1.0,1.0,130.00366196159393
2022-10-01,275.12136079620194,325.6984231278821,48,0.8125,1.0,1.0,239.9549429219128
2022-10-02,485.15038024081895,613.63259728169,48,0.6458333333333334,0.8958333333333334,1.0,347.0196368390967
2022-10-03,1009.3077036067356,1159.6561029980737,48,0.20833333333333334,0.625,0.8541666666666666,676.0422304306222
2022-10-04,430.7436823861435,585.3492224672859,48,0.625,0.9791666666666666,1.0,314.33586919490205
2022-10-05,1533.7551291731306,1952.675570498395,48,0.20833333333333334,0.5,0.5833333333333334,1229.9957522860793
2022-10-06,2029.1503000716668,2213.1632765824834,48,0.020833333333333332,0.08333333333333333,0.2916666666666667,1603.7853534935336
2022-10-07,368.83444427467094,490.8142352141285,48,0.75,1.0,1.0,286.22158690914506
2022-10-08,467.06421296909417,561.5711782099769,48,0.6458333333333334,1.0,1.0,308.5711586529873
2022-10-09,535.58836114303,685.3925144012309,48,0.625,0.9375,1.0,360.2740676253797
2022-10-10,288.98910322156854,415.89027978226153,48,0.875,0.8958333333333334,0.9583333333333334,273.2576482451157
2022-10-11,236.02469465369813,297.6594600346344,48,0.9583333333333334,1.0,1.0,221.7976962422799
2022-10-12,759.3580438577552,856.7224113377541,48,0.25,0.9375,1.0,467.5637471973416
2022-10-13,335.27550918263114,402.9305747185582,48,0.9791666666666666,1.0,1.0,247.4035455501651
2022-10-14,528.4438573464043,675.1207722991802,48,0.5833333333333334,0.875,1.0,367.32386330330513
2022-10-15,1582.0451966285425,1759.2457739312672,48,0.020833333333333332,0.3125,0.5208333333333334,1190.7617912860367
2022-10-16,1357.9657080269262,1462.560327810731,48,0.041666666666666664,0.16666666666666666,0.75,957.7148775439854
2022-10-17,660.9434912535434,809.7613633411099,48,0.5208333333333334,0.7291666666666666,0.8958333333333334,466.85833729291636
2022-10-18,594.4711445700342,729.1379673629631,48,0.3958333333333333,0.7916666666666666,1.0,417.05133626099473
2022-10-19,219.77530306775236,307.85605207933554,48,0.8958333333333334,1.0,1.0,226.21957995726981
2022-10-20,393.954942438301,592.7660836207757,48,0.7291666666666666,0.8125,1.0,337.0154088871175
2022-10-21,852.1644660681068,946.5006038527606,48,0.16666666666666666,0.7291666666666666,0.9166666666666666,547.2847451091005
2022-10-22,395.0078313495778,480.696311175304,48,0.7291666666666666,1.0,1.0,275.85848604659145
2022-10-23,229.38416358913955,315.15822962295033,48,0.7916666666666666,1.0,1.0,240.14613928661615
2022-10-24,657.0346740084806,772.9367343290731,48,0.4166666666666667,0.7083333333333334,0.875,456.41348380510607
2022-10-25,361.7503356054236,436.33018797982993,48,0.8541666666666666,1.0,1.0,261.96750447585305
2022-10-26,610.7220937487632,716.8575364281899,48,0.4583333333333333,0.7916666666666666,0.9583333333333334,415.8488773607896
2022-10-27,393.9979977969999,469.3571748982648,48,0.6666666666666666,0.9583333333333334,1.0,288.0084903382223
2022-10-28,687.2953790923569,856.2045132721679,48,0.5,0.7708333333333334,0.9375,477.76862941764665
2022-10-29,1562.8829007530292,1748.4991881378821,48,0.041666666666666664,0.3333333333333333,0.4791666666666667,1176.4055872114852
2022-10-30,1569.1931188283536,1692.9674973850447,48,0.0,0.14583333333333334,0.4791666666666667,1152.3035910199628
2022-10-31,774.5811203980475,1003.1152467138905,48,0.4375,0.7291666666666666,0.875,542.6387761453842
2022-11-01,1004.2678757195105,1108.5169088375847,48,0.10416666666666667,0.3958333333333333,0.8541666666666666,678.1373961259883
2022-11-02,805.7128542987215,963.4762317616016,48,0.3333333333333333,0.6666666666666666,1.0,541.3258661722945
2022-11-03,713.6860065210714,779.817619703742,48,0.20833333333333334,0.7916666666666666,1.0,455.42770667047563
2022-11-04,228.83930731978376,305.96328563181794,48,0.875,1.0,1.0,229.1627228119215
2022-11-05,223.90000624413733,277.6993713898209,48,0.9166666666666666,1.0,1.0,221.79506931125084
2022-11-06,521.5317665374188,603.3080843826173,48,0.6041666666666666,0.9375,1.0,350.51643785581064
2022-11-07,344.7489265340314,409.954518768645,48,0.9166666666666666,1.0,1.0,257.38922935987154
2022-11-08,250.11047614076537,327.428257687035,48,0.8125,1.0,1.0,241.49162110122327
2022-11-09,102.67199217166602,120.97435570014649,48,1.0,1.0,1.0,193.1208503154944
2022-11-10,190.9112911168178,235.25021079081878,48,1.0,1.0,1.0,209.07265829814332
2022-11-11,263.3290175468664,408.9395808521426,48,0.875,1.0,1.0,252.42695327483634
2022-11-12,409.8843315680994,499.76138125666563,48,0.75,1.0,1.0,284.51930108619104
2022-11-13,339.17690483506595,485.8827948417643,48,0.7708333333333334,0.8958333333333334,1.0,294.8522526186327
2022-11-14,601.151826256793,715.7208088558463,48,0.5416666666666666,0.875,0.9166666666666666,412.5954264581621
2022-11-15,158.486883555058,209.52905852727636,48,0.9166666666666666,1.0,1.0,208.86593843187427
2022-11-16,186.6022332181537,224.07871720986375,48,1.0,1.0,1.0,210.37876575745022
2022-11-17,577.4569461015077,765.5545188732601,48,0.6041666666666666,0.7291666666666666,1.0,419.71426779415947
2022-11-18,775.9040568236038,846.6881496000009,48,0.14583333333333334,0.875,1.0,485.7520105984602
2022-11-19,729.4204239567711,807.1550015527819,48,0.4375,0.7291666666666666,0.9791666666666666,471.47576413866227
2022-11-20,626.180103591732,692.443614387367,48,0.4375,0.9375,1.0,392.4556490970396
2022-11-21,257.56487829127576,339.3592655660844,48,0.875,0.9375,1.0,249.75711414551463
2022-11-22,205.37554775814797,237.3839168600032,48,0.9583333333333334,1.0,1.0,213.94644849900695
2022-11-23,301.5187297929827,337.57968764024776,48,0.9791666666666666,1.0,1.0,234.88935228210053
2022-11-24,75.55319305637767,95.82216035817848,48,1.0,1.0,1.0,190.01843523086703
2022-11-25,236.52919562559683,322.06425098571464,48,0.8958333333333334,1.0,1.0,234.45640996690273
2022-11-26,172.50256310607742,213.97235899719902,48,0.875,1.0,1.0,211.32239305338666
2022-11-27,367.95082550126403,478.4334217439069,48,0.6875,1.0,1.0,287.5396296746559
2022-11-28,1186.3993122311074,1297.3820486816123,48,0.10416666666666667,0.5208333333333334,0.7708333333333334,827.7497577658875
2022-11-29,249.56179510307493,285.6178117583039,48,0.8958333333333334,1.0,1.0,227.77141001031725
2022-11-30,300.1414495766016,415.64363623298414,48,0.7291666666666666,1.0,1.0,265.50880410817314
2022-12-01,570.4411428869005,682.3805557747031,48,0.6041666666666666,0.8541666666666666,1.0,388.70126279140095
2022-12-02,382.37925761422804,453.99265076610925,48,0.9166666666666666,1.0,1.0,265.23471096986356
2022-12-03,477.63657500275707,603.067547293513,48,0.5625,0.8541666666666666,1.0,358.1463314955311
2022-12-04,860.7104061022383,940.3796885812701,48,0.22916666666666666,0.5833333333333334,0.8958333333333334,563.9461230644326
2022-12-05,744.9319631841914,1034.7005980011113,48,0.5416666666666666,0.7708333333333334,0.875,534.3917872573193
2022-12-06,923.3814968755491,1039.9053409574196,48,0.1875,0.6875,1.0,596.9551135324073
2022-12-07,442.6745011704545,518.6483955148155,48,0.6458333333333334,1.0,1.0,295.4318427543734
2022-12-08,436.7852245435261,489.20511138927,48,0.6666666666666666,1.0,1.0,295.1106849058354
2022-12-09,1026.66330267627,1173.308946805493,48,0.0625,0.6041666666666666,1.0,676.6717966011297
2022-12-10,307.0530593137261,372.8045646710981,48,0.8125,1.0,1.0,249.1151363227556
2022-12-11,470.7280444697445,599.3864847982591,48,0.6666666666666666,0.8333333333333334,1.0,348.96326046019976
2022-12-12,726.4233364246032,1110.7933286272996,48,0.6041666666666666,0.6875,0.7708333333333334,617.38993536828
2022-12-13,352.4595879014905,438.1799706599369,48,0.6875,0.9583333333333334,1.0,285.94898813396634
2022-12-14,713.1534863417434,835.9568393198734,48,0.2708333333333333,0.75,1.0,473.7678900577316
2022-12-15,559.7157407673075,645.8353125569153,48,0.7291666666666666,0.875,1.0,365.2071698698375
2022-12-16,253.4307698128737,324.30148498582577,48,0.9791666666666666,1.0,1.0,228.18361431205025
2022-12-17,260.55790552012587,310.31912187976826,48,0.8541666666666666,0.9791666666666666,1.0,236.25634406903282
2022-12-18,495.24706170056476,573.8527490994422,48,0.6458333333333334,1.0,1.0,316.1987295894114
2022-12-19,275.39074331449024,330.23647794903707,48,0.8541666666666666,1.0,1.0,235.0856053194444
2022-12-20,85.48932816820025,106.59401790038719,48,1.0,1.0,1.0,191.4012358767949
2022-12-21,299.03765583132554,397.9133560128226,48,0.6458333333333334,1.0,1.0,264.6236376464687
2022-12-22,413.9253109506992,556.1611050312318,48,0.625,0.9375,1.0,319.14739074987
2022-12-23,1046.3513890956738,1183.4310042407255,48,0.08333333333333333,0.6041666666666666,0.9791666666666666,686.0536882580533
2022-12-24,726.2704320188292,858.8693597794415,48,0.3125,0.875,1.0,458.2147009974938
2022-12-25,520.6972055971397,682.8580624743504,48,0.5625,1.0,1.0,350.21537226204117
2022-12-26,545.8234654149179,633.6803477595553,48,0.5625,0.7916666666666666,0.9375,389.5938041808234
2022-12-27,401.05034994620945,527.0337636135829,48,0.7291666666666666,1.0,1.0,284.0629171212605
2022-12-28,148.9963748101897,180.98044956076794,48,0.9791666666666666,1.0,1.0,201.01887010539107
2022-12-29,442.12080588219624,583.8563844280825,48,0.6458333333333334,0.875,1.0,339.35457498231364
2022-12-30,543.6326436199333,600.4058089015455,48,0.5,1.0,1.0,339.54744428606193
